guide_seq,predicted_score
ACAGAGACGGAGTTGTCTGTCAG,0.3975727868080139
AACAGAGACGGAGTTGTCTGTCA,0.269544174671173
CTTTAACAGAGACGGAGTTGTCT,0.1702946996688842
CCTTTAACAGAGACGGAGTTGTC,0.2692802226543426
GACACGTCTAGTGACACAGGTGA,0.9167308473587036
CCGACACGTCTAGTGACACAGGT,0.9517471742630004
GCCGACACGTCTAGTGACACAGG,0.8943617916107177
AAAGCCGACACGTCTAGTGACAC,0.3256892251968383
CTCACCTTCTTTACTCACCGAAT,0.3734956455230712
CTCTCACCTTCTTTACTCACCGA,0.4893379688262939
TCTCTCACCTTCTTTACTCACCG,0.2767166233062744
TTCTCTCACCTTCTTTACTCACC,0.2207078886032104
TCCTCACCTACCCGTCACCCTAA,0.4842877519130707
GTCTCCTCACCTACCCGTCACCC,0.3701911664009094
TGTCTCCTCACCTACCCGTCACC,0.3598114490509033
GTGTCTCCTCACCTACCCGTCAC,0.7038131499290466
CCAAGTTCGTGAGGGTGGTTTCC,0.3462753856182098
TATTTCCAAGTTCGTGAGGGTGG,0.1828727078437804
ATATTTCCAAGTTCGTGAGGGTG,0.164608894586563
TATATTTCCAAGTTCGTGAGGGT,0.1559073770046234
GTCGGACTTCCTACTCGAAAGAC,0.7196417522430419
GGTCGGACTTCCTACTCGAAAGA,0.640684825181961
TGGTCGGACTTCCTACTCGAAAG,0.5125538003444672
ATGGTCGGACTTCCTACTCGAAA,0.5251137053966521
AGGACGTCTCCACCCTGTCAGTG,0.6140092730522155
ACCAGGACGTCTCCACCCTGTCA,0.8868475031852722
GACGTCTCCTTGTCGACACGGTT,0.9205559754371644
ACCAGGACGTCTCCTTGTCGACA,0.6830959951877593
TGTAAGGAAATTAGTAAGGACCG,0.2352426171302795
ACCTAGAGAATGCGTCTGTCTTC,0.3469472980499267
ACCATTGAGTCCCATTGGTCCTC,0.4839896833896636
CGCCCTACGTCTTGCTCGGAGAC,0.6267332661151886
ACCTAGAGAATGCTGTCTTCCAC,0.4216965973377227
